author,author_url,avg_rating,book_url,cover_url,ratings_count,title,source_list
Margaret Atwood,https://www.goodreads.com/author/show/3472.Margaret_Atwood,4.15,https://www.goodreads.com/book/show/38447.The_Handmaid_s_Tale,https://i.gr-assets.com/images/S/compressed.photo.goodreads.com/books/1578028274i/38447._SY75_.jpg,4,"The Handmaid’s Tale (The Handmaid's Tale, #1)",List_2
Sylvia Plath,https://www.goodreads.com/author/show/4379.Sylvia_Plath,4.04,https://www.goodreads.com/book/show/56616095-the-bell-jar,https://i.gr-assets.com/images/S/compressed.photo.goodreads.com/books/1668645154i/56616095._SX50_.jpg,4,The Bell Jar,List_2
Charlotte Brontë,https://www.goodreads.com/author/show/1036615.Charlotte_Bront_,4.16,https://www.goodreads.com/book/show/10210.Jane_Eyre,https://i.gr-assets.com/images/S/compressed.photo.goodreads.com/books/1557343311i/10210._SY75_.jpg,4,Jane Eyre,List_2
Virginia Woolf,https://www.goodreads.com/author/show/6765.Virginia_Woolf,4.22,https://www.goodreads.com/book/show/18521.A_Room_of_One_s_Own,https://i.gr-assets.com/images/S/compressed.photo.goodreads.com/books/1327883012i/18521._SY75_.jpg,4,A Room of One’s Own,List_2
Simone de Beauvoir,https://www.goodreads.com/author/show/5548.Simone_de_Beauvoir,4.18,https://www.goodreads.com/book/show/457264.The_Second_Sex,https://i.gr-assets.com/images/S/compressed.photo.goodreads.com/books/1327978178i/457264._SY75_.jpg,4,The Second Sex,List_2
Jane Austen,https://www.goodreads.com/author/show/1265.Jane_Austen,4.3,https://www.goodreads.com/book/show/1885.Pride_and_Prejudice,https://i.gr-assets.com/images/S/compressed.photo.goodreads.com/books/1320399351i/1885._SY75_.jpg,4,Pride and Prejudice,List_2
Alice Walker,https://www.goodreads.com/author/show/7380.Alice_Walker,4.28,https://www.goodreads.com/book/show/11486.The_Color_Purple,https://i.gr-assets.com/images/S/compressed.photo.goodreads.com/books/1556348375i/11486._SY75_.jpg,4,"The Color Purple (The Color Purple, #1)",List_2
Charlotte Perkins Gilman,https://www.goodreads.com/author/show/29527.Charlotte_Perkins_Gilman,4.06,https://www.goodreads.com/book/show/286957.The_Yellow_Wall_Paper,https://i.gr-assets.com/images/S/compressed.photo.goodreads.com/books/1746311262i/286957._SX50_.jpg,4,The Yellow Wall-Paper,List_2
Chimamanda Ngozi Adichie,https://www.goodreads.com/author/show/19992417.Chimamanda_Ngozi_Adichie,4.39,https://www.goodreads.com/book/show/22738563-we-should-all-be-feminists,https://i.gr-assets.com/images/S/compressed.photo.goodreads.com/books/1430821222i/22738563._SX50_.jpg,4,We Should All Be Feminists,List_2
Maya Angelou,https://www.goodreads.com/author/show/3503.Maya_Angelou,4.3,https://www.goodreads.com/book/show/13214.I_Know_Why_the_Caged_Bird_Sings,https://i.gr-assets.com/images/S/compressed.photo.goodreads.com/books/1327957927i/13214._SY75_.jpg,4,"I Know Why the Caged Bird Sings (Maya Angelou's Autobiography, #1)",List_2
Betty Friedan,https://www.goodreads.com/author/show/21798.Betty_Friedan,3.88,https://www.goodreads.com/book/show/17573685-the-feminine-mystique,https://i.gr-assets.com/images/S/compressed.photo.goodreads.com/books/1377019820i/17573685._SX50_.jpg,3,The Feminine Mystique,List_2
V (formerly Eve Ensler),https://www.goodreads.com/author/show/60609.V_formerly_Eve_Ensler_,3.87,https://www.goodreads.com/book/show/104734.The_Vagina_Monologues,https://i.gr-assets.com/images/S/compressed.photo.goodreads.com/books/1327243997i/104734._SY75_.jpg,3,The Vagina Monologues,List_2
Kate Chopin,https://www.goodreads.com/author/show/5132.Kate_Chopin,3.69,https://www.goodreads.com/book/show/58345.The_Awakening,https://i.gr-assets.com/images/S/compressed.photo.goodreads.com/books/1170507247i/58345._SY75_.jpg,3,The Awakening,List_2
Naomi Wolf,https://www.goodreads.com/author/show/22393.Naomi_Wolf,3.91,https://www.goodreads.com/book/show/39926.The_Beauty_Myth,https://i.gr-assets.com/images/S/compressed.photo.goodreads.com/books/1388197585i/39926._SY75_.jpg,3,The Beauty Myth: How Images of Beauty Are Used Against Women,List_2
Toni Morrison,https://www.goodreads.com/author/show/3534.Toni_Morrison,3.99,https://www.goodreads.com/book/show/6149.Beloved,https://i.gr-assets.com/images/S/compressed.photo.goodreads.com/books/1722944318i/6149._SY75_.jpg,3,Beloved,List_2
Kathryn Stockett,https://www.goodreads.com/author/show/1943477.Kathryn_Stockett,4.47,https://www.goodreads.com/book/show/4667024-the-help,https://i.gr-assets.com/images/S/compressed.photo.goodreads.com/books/1622355533i/4667024._SY75_.jpg,4,The Help,List_2
Suzanne Collins,https://www.goodreads.com/author/show/153394.Suzanne_Collins,4.35,https://www.goodreads.com/book/show/2767052-the-hunger-games,https://i.gr-assets.com/images/S/compressed.photo.goodreads.com/books/1586722975i/2767052._SX50_.jpg,4,"The Hunger Games (The Hunger Games, #1)",List_2
Laurie Halse Anderson,https://www.goodreads.com/author/show/10003.Laurie_Halse_Anderson,4.05,https://www.goodreads.com/book/show/439288.Speak,https://i.gr-assets.com/images/S/compressed.photo.goodreads.com/books/1310121762i/439288._SY75_.jpg,4,Speak,List_2
Henrik Ibsen,https://www.goodreads.com/author/show/2730977.Henrik_Ibsen,3.77,https://www.goodreads.com/book/show/37793.A_Doll_s_House,https://i.gr-assets.com/images/S/compressed.photo.goodreads.com/books/1660268136i/37793._SY75_.jpg,3,A Doll's House,List_2
Zora Neale Hurston,https://www.goodreads.com/author/show/15151.Zora_Neale_Hurston,3.99,https://www.goodreads.com/book/show/37415.Their_Eyes_Were_Watching_God,https://i.gr-assets.com/images/S/compressed.photo.goodreads.com/books/1368072803i/37415._SY75_.jpg,3,Their Eyes Were Watching God,List_2
bell hooks,https://www.goodreads.com/author/show/10697.bell_hooks,4.16,https://www.goodreads.com/book/show/168484.Feminism_Is_for_Everybody,https://i.gr-assets.com/images/S/compressed.photo.goodreads.com/books/1327933698i/168484._SY75_.jpg,4,Feminism Is for Everybody: Passionate Politics,List_2
Mary Wollstonecraft,https://www.goodreads.com/author/show/1853305.Mary_Wollstonecraft,3.92,https://www.goodreads.com/book/show/224387.A_Vindication_of_the_Rights_of_Woman,https://i.gr-assets.com/images/S/compressed.photo.goodreads.com/books/1388191273i/224387._SY75_.jpg,3,A Vindication of the Rights of Woman,List_2
Anita Diamant,https://www.goodreads.com/author/show/626222.Anita_Diamant,4.21,https://www.goodreads.com/book/show/4989.The_Red_Tent,https://i.gr-assets.com/images/S/compressed.photo.goodreads.com/books/1405739117i/4989._SY75_.jpg,4,The Red Tent,List_2
Margaret Mitchell,https://www.goodreads.com/author/show/11081.Margaret_Mitchell,4.31,https://www.goodreads.com/book/show/18405.Gone_with_the_Wind,https://i.gr-assets.com/images/S/compressed.photo.goodreads.com/books/1551144577i/18405._SY75_.jpg,4,Gone with the Wind,List_2
Virginia Woolf,https://www.goodreads.com/author/show/6765.Virginia_Woolf,3.87,https://www.goodreads.com/book/show/18839.Orlando,https://i.gr-assets.com/images/S/compressed.photo.goodreads.com/books/1443118010i/18839._SY75_.jpg,3,Orlando,List_2
Khaled Hosseini,https://www.goodreads.com/author/show/569.Khaled_Hosseini,4.46,https://www.goodreads.com/book/show/128029.A_Thousand_Splendid_Suns,https://i.gr-assets.com/images/S/compressed.photo.goodreads.com/books/1655336738i/128029._SY75_.jpg,4,A Thousand Splendid Suns,List_2
Stieg Larsson,https://www.goodreads.com/author/show/706255.Stieg_Larsson,4.18,https://www.goodreads.com/book/show/2429135.The_Girl_With_the_Dragon_Tattoo,https://i.gr-assets.com/images/S/compressed.photo.goodreads.com/books/1684638853i/2429135._SX50_.jpg,4,"The Girl With the Dragon Tattoo (Millennium, #1)",List_2
Jane Austen,https://www.goodreads.com/author/show/1265.Jane_Austen,4.05,https://www.goodreads.com/book/show/6969.Emma,https://i.gr-assets.com/images/S/compressed.photo.goodreads.com/books/1373627931i/6969._SY75_.jpg,4,Emma,List_2
Sophocles,https://www.goodreads.com/author/show/1002.Sophocles,3.69,https://www.goodreads.com/book/show/7728.Antigone,https://i.gr-assets.com/images/S/compressed.photo.goodreads.com/books/1486701308i/7728._SY75_.jpg,3,"Antigone (Theban Plays, #3)",List_2
Angela Y. Davis,https://www.goodreads.com/author/show/5863103.Angela_Y_Davis,4.59,https://www.goodreads.com/book/show/635635.Women_Race_Class,https://i.gr-assets.com/images/S/compressed.photo.goodreads.com/books/1629762234i/635635._SY75_.jpg,4,"Women, Race & Class",List_2
Jessica Valenti,https://www.goodreads.com/author/show/222118.Jessica_Valenti,3.86,https://www.goodreads.com/book/show/390778.Full_Frontal_Feminism,https://i.gr-assets.com/images/S/compressed.photo.goodreads.com/books/1372984021i/390778._SY75_.jpg,3,Full Frontal Feminism,List_2
Marjane Satrapi,https://www.goodreads.com/author/show/6238.Marjane_Satrapi,4.41,https://www.goodreads.com/book/show/991197.The_Complete_Persepolis,https://i.gr-assets.com/images/S/compressed.photo.goodreads.com/books/1327876995i/991197._SX50_.jpg,4,The Complete Persepolis,List_2
Ursula K. Le Guin,https://www.goodreads.com/author/show/874602.Ursula_K_Le_Guin,4.09,https://www.goodreads.com/book/show/18423.The_Left_Hand_of_Darkness,https://i.gr-assets.com/images/S/compressed.photo.goodreads.com/books/1488213612i/18423._SY75_.jpg,4,The Left Hand of Darkness,List_2
Marion Zimmer Bradley,https://www.goodreads.com/author/show/4841825.Marion_Zimmer_Bradley,4.13,https://www.goodreads.com/book/show/402045.The_Mists_of_Avalon,https://i.gr-assets.com/images/S/compressed.photo.goodreads.com/books/1388857089i/402045._SY75_.jpg,4,"The Mists of Avalon (Avalon, #1)",List_2
Judith Butler,https://www.goodreads.com/author/show/5231.Judith_Butler,4.04,https://www.goodreads.com/book/show/85767.Gender_Trouble,https://i.gr-assets.com/images/S/compressed.photo.goodreads.com/books/1349037224i/85767._SY75_.jpg,4,Gender Trouble: Feminism and the Subversion of Identity,List_2
Ammar Habib,https://www.goodreads.com/author/show/8442873.Ammar_Habib,4.37,https://www.goodreads.com/book/show/51411855-mary-edwards-walker,https://i.gr-assets.com/images/S/compressed.photo.goodreads.com/books/1581995068i/51411855._SY75_.jpg,4,Mary Edwards Walker: America's Only Female Medal of Honor Recipient,List_2
Audre Lorde,https://www.goodreads.com/author/show/18486.Audre_Lorde,4.53,https://www.goodreads.com/book/show/32951.Sister_Outsider,https://i.gr-assets.com/images/S/compressed.photo.goodreads.com/books/1168407974i/32951._SY75_.jpg,4,Sister Outsider: Essays and Speeches,List_2
Bella DePaulo,https://www.goodreads.com/author/show/37252.Bella_DePaulo,4.16,https://www.goodreads.com/book/show/91394752-single-at-heart,https://i.gr-assets.com/images/S/compressed.photo.goodreads.com/books/1701901990i/91394752._SX50_.jpg,4,"Single at Heart: The Power, Freedom, and Heart-Filling Joy of Single Life",List_2
Caitlin Moran,https://www.goodreads.com/author/show/939363.Caitlin_Moran,3.71,https://www.goodreads.com/book/show/10600242-how-to-be-a-woman,https://i.gr-assets.com/images/S/compressed.photo.goodreads.com/books/1405909800i/10600242._SY75_.jpg,3,How to Be a Woman,List_2
Inga Muscio,https://www.goodreads.com/author/show/29673.Inga_Muscio,3.88,https://www.goodreads.com/book/show/52588.Cunt,https://i.gr-assets.com/images/S/compressed.photo.goodreads.com/books/1388333495i/52588._SX50_.jpg,3,Cunt: A Declaration of Independence,List_2
Clarissa Pinkola Estés,https://www.goodreads.com/author/show/901977.Clarissa_Pinkola_Est_s,4.1,https://www.goodreads.com/book/show/241823.Women_Who_Run_With_the_Wolves,https://i.gr-assets.com/images/S/compressed.photo.goodreads.com/books/1662139742i/241823._SY75_.jpg,4,Women Who Run With the Wolves,List_2
Jaclyn Friedman,https://www.goodreads.com/author/show/1727682.Jaclyn_Friedman,4.2,https://www.goodreads.com/book/show/4054212-yes-means-yes,https://i.gr-assets.com/images/S/compressed.photo.goodreads.com/books/1328746842i/4054212._SX50_.jpg,4,Yes Means Yes!: Visions of Female Sexual Power and A World Without Rape,List_2
Louisa May Alcott,https://www.goodreads.com/author/show/1315.Louisa_May_Alcott,4.18,https://www.goodreads.com/book/show/1934.Little_Women,https://i.gr-assets.com/images/S/compressed.photo.goodreads.com/books/1562690475i/1934._SY75_.jpg,4,"Little Women (Little Women, #1)",List_2
Fannie Flagg,https://www.goodreads.com/author/show/6125.Fannie_Flagg,4.27,https://www.goodreads.com/book/show/9375.Fried_Green_Tomatoes_at_the_Whistle_Stop_Cafe,https://i.gr-assets.com/images/S/compressed.photo.goodreads.com/books/1165961740i/9375._SY75_.jpg,4,Fried Green Tomatoes at the Whistle Stop Cafe,List_2
Winsome Dunn McIntosh,https://www.goodreads.com/author/show/58568332.Winsome_Dunn_McIntosh,4.8,https://www.goodreads.com/book/show/240470970-an-accidental-philanthropist,https://i.gr-assets.com/images/S/compressed.photo.goodreads.com/books/1757239682i/240470970._SX50_.jpg,4,An Accidental Philanthropist: How A Small Family Foundation Made A Big Difference,List_2
Virginia Woolf,https://www.goodreads.com/author/show/6765.Virginia_Woolf,3.81,https://www.goodreads.com/book/show/59716.To_the_Lighthouse,https://i.gr-assets.com/images/S/compressed.photo.goodreads.com/books/1639106809i/59716._SY75_.jpg,3,To the Lighthouse,List_2
bell hooks,https://www.goodreads.com/author/show/10697.bell_hooks,4.45,https://www.goodreads.com/book/show/51378.Feminist_Theory,https://i.gr-assets.com/images/S/compressed.photo.goodreads.com/books/1387720517i/51378._SY75_.jpg,4,Feminist Theory: From Margin to Center,List_2
Arthur Golden,https://www.goodreads.com/author/show/614.Arthur_Golden,4.16,https://www.goodreads.com/book/show/930.Memoirs_of_a_Geisha,https://i.gr-assets.com/images/S/compressed.photo.goodreads.com/books/1388367666i/930._SY75_.jpg,4,Memoirs of a Geisha,List_2
Amy Tan,https://www.goodreads.com/author/show/5246.Amy_Tan,3.97,https://www.goodreads.com/book/show/7763.The_Joy_Luck_Club,https://i.gr-assets.com/images/S/compressed.photo.goodreads.com/books/1304978653i/7763._SY75_.jpg,3,The Joy Luck Club,List_2
Philip Pullman,https://www.goodreads.com/author/show/3618.Philip_Pullman,4.03,https://www.goodreads.com/book/show/119322.The_Golden_Compass,https://i.gr-assets.com/images/S/compressed.photo.goodreads.com/books/1505766203i/119322._SX50_.jpg,4,"The Golden Compass (His Dark Materials, #1)",List_2
Susan Faludi,https://www.goodreads.com/author/show/117182.Susan_Faludi,4.05,https://www.goodreads.com/book/show/200883.Backlash,https://i.gr-assets.com/images/S/compressed.photo.goodreads.com/books/1386922920i/200883._SY75_.jpg,4,Backlash: The Undeclared War Against American Women,List_2
Malala Yousafzai,https://www.goodreads.com/author/show/7064545.Malala_Yousafzai,4.16,https://www.goodreads.com/book/show/17851885-i-am-malala,https://i.gr-assets.com/images/S/compressed.photo.goodreads.com/books/1375414895i/17851885._SY75_.jpg,4,I Am Malala: The Story of the Girl Who Stood Up for Education and Was Shot by the Taliban,List_2
Mary Wollstonecraft,https://www.goodreads.com/author/show/1853305.Mary_Wollstonecraft,4.01,https://www.goodreads.com/book/show/224388.A_Vindication_of_the_Rights_of_Men_A_Vindication_of_the_Rights_of_Woman_An_Historical_and_Moral_View_of_the_French_Revolution,https://i.gr-assets.com/images/S/compressed.photo.goodreads.com/books/1172856084i/224388._SY75_.jpg,4,A Vindication of the Rights of Men & A Vindication of the Rights of Woman & An Historical and Moral View of the French Revolution,List_2
Roxane Gay,https://www.goodreads.com/author/show/3360355.Roxane_Gay,3.92,https://www.goodreads.com/book/show/18813642-bad-feminist,https://i.gr-assets.com/images/S/compressed.photo.goodreads.com/books/1421292744i/18813642._SY75_.jpg,3,Bad Feminist,List_2
Octavia E. Butler,https://www.goodreads.com/author/show/29535.Octavia_E_Butler,4.31,https://www.goodreads.com/book/show/60931.Kindred,https://i.gr-assets.com/images/S/compressed.photo.goodreads.com/books/1339423248i/60931._SY75_.jpg,4,Kindred,List_2
Barbara Ehrenreich,https://www.goodreads.com/author/show/1257.Barbara_Ehrenreich,3.66,https://www.goodreads.com/book/show/1869.Nickel_and_Dimed,https://i.gr-assets.com/images/S/compressed.photo.goodreads.com/books/1442378091i/1869._SY75_.jpg,3,Nickel and Dimed: On (Not) Getting By in America,List_2
Roald Dahl,https://www.goodreads.com/author/show/4273.Roald_Dahl,4.34,https://www.goodreads.com/book/show/39988.Matilda,https://i.gr-assets.com/images/S/compressed.photo.goodreads.com/books/1388793265i/39988._SY75_.jpg,4,Matilda,List_2
Tamora Pierce,https://www.goodreads.com/author/show/8596.Tamora_Pierce,4.27,https://www.goodreads.com/book/show/13831.Alanna,https://i.gr-assets.com/images/S/compressed.photo.goodreads.com/books/1388206270i/13831._SY75_.jpg,4,"Alanna: The First Adventure (Song of the Lioness, #1)",List_2
Stieg Larsson,https://www.goodreads.com/author/show/706255.Stieg_Larsson,4.26,https://www.goodreads.com/book/show/5060378-the-girl-who-played-with-fire,https://i.gr-assets.com/images/S/compressed.photo.goodreads.com/books/1351778881i/5060378._SX50_.jpg,4,The Girl Who Played with Fire (Millennium #2),List_2
Nathaniel Hawthorne,https://www.goodreads.com/author/show/7799.Nathaniel_Hawthorne,3.44,https://www.goodreads.com/book/show/12296.The_Scarlet_Letter,https://i.gr-assets.com/images/S/compressed.photo.goodreads.com/books/1404810944i/12296._SY75_.jpg,3,The Scarlet Letter,List_2
bell hooks,https://www.goodreads.com/author/show/10697.bell_hooks,4.51,https://www.goodreads.com/book/show/250792.Ain_t_I_a_Woman,https://i.gr-assets.com/images/S/compressed.photo.goodreads.com/books/1757107612i/250792._SY75_.jpg,4,Ain't I a Woman: Black Women and Feminism,List_2
Cherríe L. Moraga,https://www.goodreads.com/author/show/1244575.Cherr_e_L_Moraga,4.52,https://www.goodreads.com/book/show/313110.This_Bridge_Called_My_Back,https://i.gr-assets.com/images/S/compressed.photo.goodreads.com/books/1387745604i/313110._SY75_.jpg,4,This Bridge Called My Back: Writings by Radical Women of Color,List_2
Germaine Greer,https://www.goodreads.com/author/show/56667.Germaine_Greer,3.68,https://www.goodreads.com/book/show/98532.The_Female_Eunuch,https://i.gr-assets.com/images/S/compressed.photo.goodreads.com/books/1312002051i/98532._SX50_.jpg,3,The Female Eunuch,List_2
Mya Robarts,https://www.goodreads.com/author/show/8108373.Mya_Robarts,3.95,https://www.goodreads.com/book/show/25437891-the-v-girl,https://i.gr-assets.com/images/S/compressed.photo.goodreads.com/books/1688009281i/25437891._SY75_.jpg,3,The V Girl: A Coming of Age Story,List_2
Boston Women's Health Book Collective,https://www.goodreads.com/author/show/56262.Boston_Women_s_Health_Book_Collective,4.37,https://www.goodreads.com/book/show/97869.Our_Bodies_Ourselves_for_the_New_Century,https://i.gr-assets.com/images/S/compressed.photo.goodreads.com/books/1392953859i/97869._SX50_.jpg,4,"Our Bodies, Ourselves for the New Century",List_2
Ariel Levy,https://www.goodreads.com/author/show/11286.Ariel_Levy,3.67,https://www.goodreads.com/book/show/18745.Female_Chauvinist_Pigs,https://i.gr-assets.com/images/S/compressed.photo.goodreads.com/books/1436817219i/18745._SY75_.jpg,3,Female Chauvinist Pigs: Women and the Rise of Raunch Culture,List_2
Azar Nafisi,https://www.goodreads.com/author/show/5151.Azar_Nafisi,3.67,https://www.goodreads.com/book/show/7603.Reading_Lolita_in_Tehran,https://i.gr-assets.com/images/S/compressed.photo.goodreads.com/books/1397751318i/7603._SY75_.jpg,3,Reading Lolita in Tehran: A Memoir in Books,List_2
Jessica Valenti,https://www.goodreads.com/author/show/222118.Jessica_Valenti,4.08,https://www.goodreads.com/book/show/4914761-the-purity-myth,https://i.gr-assets.com/images/S/compressed.photo.goodreads.com/books/1239579553i/4914761._SY75_.jpg,4,The Purity Myth: How America's Obsession with Virginity is Hurting Young Women,List_2
Aristophanes,https://www.goodreads.com/author/show/1011.Aristophanes,3.86,https://www.goodreads.com/book/show/1591.Lysistrata,https://i.gr-assets.com/images/S/compressed.photo.goodreads.com/books/1335892524i/1591._SX50_.jpg,3,Lysistrata,List_2
Charlotte Perkins Gilman,https://www.goodreads.com/author/show/29527.Charlotte_Perkins_Gilman,3.47,https://www.goodreads.com/book/show/531509.Herland,https://i.gr-assets.com/images/S/compressed.photo.goodreads.com/books/1403189138i/531509._SY75_.jpg,3,"Herland (The Herland Trilogy, #2)",List_2
Leo Tolstoy,https://www.goodreads.com/author/show/128382.Leo_Tolstoy,4.11,https://www.goodreads.com/book/show/15823480-anna-karenina,https://i.gr-assets.com/images/S/compressed.photo.goodreads.com/books/1546091617i/15823480._SX50_.jpg,4,Anna Karenina,List_2
Nicholas D. Kristof,https://www.goodreads.com/author/show/60441.Nicholas_D_Kristof,4.28,https://www.goodreads.com/book/show/6260997-half-the-sky,https://i.gr-assets.com/images/S/compressed.photo.goodreads.com/books/1320486170i/6260997._SX50_.jpg,4,Half the Sky: Turning Oppression into Opportunity for Women Worldwide,List_2
Jean Rhys,https://www.goodreads.com/author/show/25022.Jean_Rhys,3.59,https://www.goodreads.com/book/show/44597.Wide_Sargasso_Sea,https://i.gr-assets.com/images/S/compressed.photo.goodreads.com/books/1714763884i/44597._SY75_.jpg,3,Wide Sargasso Sea,List_2
Ntozake Shange,https://www.goodreads.com/author/show/32677.Ntozake_Shange,4.29,https://www.goodreads.com/book/show/58098.For_Colored_Girls_Who_Have_Considered_Suicide_When_the_Rainbow_Is_Enuf,https://i.gr-assets.com/images/S/compressed.photo.goodreads.com/books/1524175075i/58098._SY75_.jpg,4,For Colored Girls Who Have Considered Suicide / When the Rainbow Is Enuf,List_2
Virginia Woolf,https://www.goodreads.com/author/show/6765.Virginia_Woolf,3.77,https://www.goodreads.com/book/show/14942.Mrs_Dalloway,https://i.gr-assets.com/images/S/compressed.photo.goodreads.com/books/1646148221i/14942._SY75_.jpg,3,Mrs. Dalloway,List_2
Ira Levin,https://www.goodreads.com/author/show/8050.Ira_Levin,3.89,https://www.goodreads.com/book/show/52350.The_Stepford_Wives,https://i.gr-assets.com/images/S/compressed.photo.goodreads.com/books/1554371721i/52350._SY75_.jpg,3,The Stepford Wives,List_2
Sylvia Plath,https://www.goodreads.com/author/show/4379.Sylvia_Plath,4.18,https://www.goodreads.com/book/show/395090.Ariel,https://i.gr-assets.com/images/S/compressed.photo.goodreads.com/books/1442258738i/395090._SY75_.jpg,4,Ariel,List_2
Susan Brownmiller,https://www.goodreads.com/author/show/35623.Susan_Brownmiller,4.05,https://www.goodreads.com/book/show/103180.Against_Our_Will,https://i.gr-assets.com/images/S/compressed.photo.goodreads.com/books/1474573383i/103180._SY75_.jpg,4,"Against Our Will: Men, Women and Rape",List_2
Julia Serano,https://www.goodreads.com/author/show/328504.Julia_Serano,4.27,https://www.goodreads.com/book/show/605663.Whipping_Girl,https://i.gr-assets.com/images/S/compressed.photo.goodreads.com/books/1328853725i/605663._SX50_.jpg,4,Whipping Girl: A Transsexual Woman on Sexism and the Scapegoating of Femininity,List_2
Jessica Valenti,https://www.goodreads.com/author/show/222118.Jessica_Valenti,3.89,https://www.goodreads.com/book/show/2181667.He_s_a_Stud_She_s_a_Slut_and_49_Other_Double_Standards_Every_Woman_Should_Know,https://i.gr-assets.com/images/S/compressed.photo.goodreads.com/books/1328746832i/2181667._SX50_.jpg,3,"He's a Stud, She's a Slut, and 49 Other Double Standards Every Woman Should Know",List_2
Valerie Solanas,https://www.goodreads.com/author/show/29500.Valerie_Solanas,3.79,https://www.goodreads.com/book/show/52263.SCUM_Manifesto,https://i.gr-assets.com/images/S/compressed.photo.goodreads.com/books/1373996519i/52263._SX50_.jpg,3,SCUM Manifesto,List_2
Suzanne Collins,https://www.goodreads.com/author/show/153394.Suzanne_Collins,4.36,https://www.goodreads.com/book/show/6148028-catching-fire,https://i.gr-assets.com/images/S/compressed.photo.goodreads.com/books/1586722941i/6148028._SY75_.jpg,4,"Catching Fire (The Hunger Games, #2)",List_2
Toni Morrison,https://www.goodreads.com/author/show/3534.Toni_Morrison,4.14,https://www.goodreads.com/book/show/11337.The_Bluest_Eye,https://i.gr-assets.com/images/S/compressed.photo.goodreads.com/books/1388208495i/11337._SX50_.jpg,4,The Bluest Eye,List_2
Marilyn French,https://www.goodreads.com/author/show/14160.Marilyn_French,3.99,https://www.goodreads.com/book/show/46456.The_Women_s_Room,https://i.gr-assets.com/images/S/compressed.photo.goodreads.com/books/1494520646i/46456._SY75_.jpg,3,The Women's Room,List_2
Audre Lorde,https://www.goodreads.com/author/show/18486.Audre_Lorde,4.4,https://www.goodreads.com/book/show/395220.Zami,https://i.gr-assets.com/images/S/compressed.photo.goodreads.com/books/1388344915i/395220._SY75_.jpg,4,Zami: A New Spelling of My Name,List_2
Mary Pipher,https://www.goodreads.com/author/show/5773339.Mary_Pipher,3.89,https://www.goodreads.com/book/show/159760.Reviving_Ophelia,https://i.gr-assets.com/images/S/compressed.photo.goodreads.com/books/1441333242i/159760._SY75_.jpg,3,Reviving Ophelia: Saving the Selves of Adolescent Girls,List_2
Edith Wharton,https://www.goodreads.com/author/show/16.Edith_Wharton,3.98,https://www.goodreads.com/book/show/17728.The_House_of_Mirth,https://i.gr-assets.com/images/S/compressed.photo.goodreads.com/books/1328729186i/17728._SY75_.jpg,3,The House of Mirth,List_2
Laura Esquivel,https://www.goodreads.com/author/show/4694.Laura_Esquivel,3.95,https://www.goodreads.com/book/show/6952.Like_Water_for_Chocolate,https://i.gr-assets.com/images/S/compressed.photo.goodreads.com/books/1550721459i/6952._SY75_.jpg,3,Like Water for Chocolate,List_2
George Eliot,https://www.goodreads.com/author/show/173.George_Eliot,4.04,https://www.goodreads.com/book/show/19089.Middlemarch,https://i.gr-assets.com/images/S/compressed.photo.goodreads.com/books/1568307771i/19089._SY75_.jpg,4,Middlemarch,List_2
Thomas Hardy,https://www.goodreads.com/author/show/15905.Thomas_Hardy,3.84,https://www.goodreads.com/book/show/32261.Tess_of_the_D_Urbervilles,https://i.gr-assets.com/images/S/compressed.photo.goodreads.com/books/1633063778i/32261._SY75_.jpg,3,Tess of the D’Urbervilles,List_2
Sandra M. Gilbert,https://www.goodreads.com/author/show/974993.Sandra_M_Gilbert,4.21,https://www.goodreads.com/book/show/149709.The_Madwoman_in_the_Attic,https://i.gr-assets.com/images/S/compressed.photo.goodreads.com/books/1348225811i/149709._SY75_.jpg,4,The Madwoman in the Attic: The Woman Writer and the Nineteenth-Century Literary Imagination,List_2
Euripides,https://www.goodreads.com/author/show/973.Euripides,3.96,https://www.goodreads.com/book/show/752900.Medea,https://i.gr-assets.com/images/S/compressed.photo.goodreads.com/books/1328868366i/752900._SY75_.jpg,3,Medea,List_2
Alison Bechdel,https://www.goodreads.com/author/show/54223321.Alison_Bechdel,4.07,https://www.goodreads.com/book/show/26135825-fun-home,https://i.gr-assets.com/images/S/compressed.photo.goodreads.com/books/1440097020i/26135825._SY75_.jpg,4,Fun Home: A Family Tragicomic,List_2
Gloria E. Anzaldúa,https://www.goodreads.com/author/show/516921.Gloria_E_Anzald_a,4.33,https://www.goodreads.com/book/show/45882.Borderlands_La_Frontera,https://i.gr-assets.com/images/S/compressed.photo.goodreads.com/books/1354902833i/45882._SY75_.jpg,4,Borderlands/La Frontera: The New Mestiza,List_2
John Irving,https://www.goodreads.com/author/show/3075.John_Irving,4.17,https://www.goodreads.com/book/show/4687.The_Cider_House_Rules,https://i.gr-assets.com/images/S/compressed.photo.goodreads.com/books/1327962519i/4687._SY75_.jpg,4,The Cider House Rules,List_2
Emily Brontë,https://www.goodreads.com/author/show/4191.Emily_Bront_,3.89,https://www.goodreads.com/book/show/6185.Wuthering_Heights,https://i.gr-assets.com/images/S/compressed.photo.goodreads.com/books/1388212715i/6185._SY75_.jpg,3,Wuthering Heights,List_2
Betty  Smith,https://www.goodreads.com/author/show/2327917.Betty_Smith,4.3,https://www.goodreads.com/book/show/14891.A_Tree_Grows_in_Brooklyn,https://i.gr-assets.com/images/S/compressed.photo.goodreads.com/books/1327883484i/14891._SY75_.jpg,4,A Tree Grows in Brooklyn,List_2
Barbara Ehrenreich,https://www.goodreads.com/author/show/1257.Barbara_Ehrenreich,4.03,https://www.goodreads.com/book/show/24453.Witches_Midwives_and_Nurses,https://i.gr-assets.com/images/S/compressed.photo.goodreads.com/books/1683191045i/24453._SY75_.jpg,4,"Witches, Midwives and Nurses: A History of Women Healers",List_2
Ayn Rand,https://www.goodreads.com/author/show/432.Ayn_Rand,3.69,https://www.goodreads.com/book/show/662.Atlas_Shrugged,https://i.gr-assets.com/images/S/compressed.photo.goodreads.com/books/1405868167i/662._SY75_.jpg,3,Atlas Shrugged,List_2
John Stuart Mill,https://www.goodreads.com/author/show/57651.John_Stuart_Mill,3.88,https://www.goodreads.com/book/show/677591.The_Subjection_of_Women,https://i.gr-assets.com/images/S/compressed.photo.goodreads.com/books/1348332074i/677591._SX50_.jpg,3,The Subjection of Women,List_2
Alice Walker,https://www.goodreads.com/author/show/7380.Alice_Walker,4.28,https://www.goodreads.com/book/show/52892857-the-color-purple,https://i.gr-assets.com/images/S/compressed.photo.goodreads.com/books/1703084419i/52892857._SY75_.jpg,4,The Color Purple,List_3
Sylvia Plath,https://www.goodreads.com/author/show/4379.Sylvia_Plath,4.04,https://www.goodreads.com/book/show/6514.The_Bell_Jar,https://i.gr-assets.com/images/S/compressed.photo.goodreads.com/books/1554582218i/6514._SY75_.jpg,4,The Bell Jar,List_3
Isabel Allende,https://www.goodreads.com/author/show/2238.Isabel_Allende,4.3,https://www.goodreads.com/book/show/9328.The_House_of_the_Spirits,https://i.gr-assets.com/images/S/compressed.photo.goodreads.com/books/1621672028i/9328._SY75_.jpg,4,The House of the Spirits,List_3
Michael Cunningham,https://www.goodreads.com/author/show/1432.Michael_Cunningham,3.96,https://www.goodreads.com/book/show/11899.The_Hours,https://i.gr-assets.com/images/S/compressed.photo.goodreads.com/books/1479663379i/11899._SY75_.jpg,3,The Hours,List_3
Madeline Miller,https://www.goodreads.com/author/show/176372.Madeline_Miller,4.22,https://www.goodreads.com/book/show/35959740-circe,https://i.gr-assets.com/images/S/compressed.photo.goodreads.com/books/1565909496i/35959740._SY75_.jpg,4,Circe,List_3
Margaret Atwood,https://www.goodreads.com/author/show/3472.Margaret_Atwood,4.04,https://www.goodreads.com/book/show/58027.Alias_Grace,https://i.gr-assets.com/images/S/compressed.photo.goodreads.com/books/1472960163i/58027._SY75_.jpg,4,Alias Grace,List_3
Margaret Atwood,https://www.goodreads.com/author/show/3472.Margaret_Atwood,3.95,https://www.goodreads.com/book/show/51019.Cat_s_Eye,https://i.gr-assets.com/images/S/compressed.photo.goodreads.com/books/1385207977i/51019._SY75_.jpg,3,Cat's Eye,List_3
Octavia E. Butler,https://www.goodreads.com/author/show/29535.Octavia_E_Butler,4.19,https://www.goodreads.com/book/show/52397.Parable_of_the_Sower,https://i.gr-assets.com/images/S/compressed.photo.goodreads.com/books/1442169447i/52397._SY75_.jpg,4,"Parable of the Sower (Earthseed, #1)",List_3
Marge Piercy,https://www.goodreads.com/author/show/31845.Marge_Piercy,3.91,https://www.goodreads.com/book/show/772888.Woman_on_the_Edge_of_Time,https://i.gr-assets.com/images/S/compressed.photo.goodreads.com/books/1480498743i/772888._SY75_.jpg,3,Woman on the Edge of Time,List_3
Diana Wynne Jones,https://www.goodreads.com/author/show/4260.Diana_Wynne_Jones,4.28,https://www.goodreads.com/book/show/2294528.Howl_s_Moving_Castle,https://i.gr-assets.com/images/S/compressed.photo.goodreads.com/books/1324490211i/2294528._SX50_.jpg,4,"Howl's Moving Castle (Howl's Moving Castle, #1)",List_3
Margaret Atwood,https://www.goodreads.com/author/show/3472.Margaret_Atwood,3.71,https://www.goodreads.com/book/show/17645.The_Penelopiad,https://i.gr-assets.com/images/S/compressed.photo.goodreads.com/books/1442806554i/17645._SY75_.jpg,3,The Penelopiad,List_3
Margaret Atwood,https://www.goodreads.com/author/show/3472.Margaret_Atwood,3.7,https://www.goodreads.com/book/show/133445.The_Edible_Woman,https://i.gr-assets.com/images/S/compressed.photo.goodreads.com/books/1623151363i/133445._SY75_.jpg,3,The Edible Woman,List_3
Robert Munsch,https://www.goodreads.com/author/show/6039100.Robert_Munsch,4.31,https://www.goodreads.com/book/show/240130.The_Paper_Bag_Princess,https://i.gr-assets.com/images/S/compressed.photo.goodreads.com/books/1386912856i/240130._SX50_.jpg,4,The Paper Bag Princess,List_3
Chimamanda Ngozi Adichie,https://www.goodreads.com/author/show/19992417.Chimamanda_Ngozi_Adichie,4.31,https://www.goodreads.com/book/show/15796700-americanah,https://i.gr-assets.com/images/S/compressed.photo.goodreads.com/books/1356654499i/15796700._SX50_.jpg,4,Americanah,List_3
Toni Morrison,https://www.goodreads.com/author/show/3534.Toni_Morrison,4.06,https://www.goodreads.com/book/show/11346.Sula,https://i.gr-assets.com/images/S/compressed.photo.goodreads.com/books/1441578153i/11346._SY75_.jpg,4,Sula,List_3
Margaret Atwood,https://www.goodreads.com/author/show/3472.Margaret_Atwood,3.96,https://www.goodreads.com/book/show/78433.The_Blind_Assassin,https://i.gr-assets.com/images/S/compressed.photo.goodreads.com/books/1451445426i/78433._SY75_.jpg,3,The Blind Assassin,List_3
Anne Brontë,https://www.goodreads.com/author/show/8249.Anne_Bront_,4.04,https://www.goodreads.com/book/show/337113.The_Tenant_of_Wildfell_Hall,https://i.gr-assets.com/images/S/compressed.photo.goodreads.com/books/1479652419i/337113._SY75_.jpg,4,The Tenant of Wildfell Hall,List_3
Doris Lessing,https://www.goodreads.com/author/show/7728.Doris_Lessing,3.77,https://www.goodreads.com/book/show/24100.The_Golden_Notebook,https://i.gr-assets.com/images/S/compressed.photo.goodreads.com/books/1367457541i/24100._SY75_.jpg,3,The Golden Notebook,List_3
Angela Carter,https://www.goodreads.com/author/show/27500.Angela_Carter,3.9,https://www.goodreads.com/book/show/49011.The_Bloody_Chamber_and_Other_Stories,https://i.gr-assets.com/images/S/compressed.photo.goodreads.com/books/1756076411i/49011._SY75_.jpg,3,The Bloody Chamber and Other Stories,List_3
Jeanette Winterson,https://www.goodreads.com/author/show/9399.Jeanette_Winterson,3.73,https://www.goodreads.com/book/show/15055.Oranges_Are_Not_the_Only_Fruit,https://i.gr-assets.com/images/S/compressed.photo.goodreads.com/books/1267717580i/15055._SY75_.jpg,3,Oranges Are Not the Only Fruit,List_3
Sheri S. Tepper,https://www.goodreads.com/author/show/20560.Sheri_S_Tepper,4.06,https://www.goodreads.com/book/show/104344.The_Gate_to_Women_s_Country,https://i.gr-assets.com/images/S/compressed.photo.goodreads.com/books/1171511056i/104344._SY75_.jpg,4,The Gate to Women's Country,List_3
Sandra Cisneros,https://www.goodreads.com/author/show/13234.Sandra_Cisneros,3.68,https://www.goodreads.com/book/show/324786.The_House_on_Mango_Street,https://i.gr-assets.com/images/S/compressed.photo.goodreads.com/books/1332737406i/324786._SY75_.jpg,3,The House on Mango Street,List_3
L.M. Montgomery,https://www.goodreads.com/author/show/5350.L_M_Montgomery,4.33,https://www.goodreads.com/book/show/8127.Anne_of_Green_Gables,https://i.gr-assets.com/images/S/compressed.photo.goodreads.com/books/1615094578i/8127._SY75_.jpg,4,"Anne of Green Gables (Anne of Green Gables, #1)",List_3
Amy Tan,https://www.goodreads.com/author/show/5246.Amy_Tan,4.04,https://www.goodreads.com/book/show/12557.The_Kitchen_God_s_Wife,https://i.gr-assets.com/images/S/compressed.photo.goodreads.com/books/1434152599i/12557._SY75_.jpg,4,The Kitchen God's Wife,List_3
Elizabeth Gaskell,https://www.goodreads.com/author/show/1413437.Elizabeth_Gaskell,4.15,https://www.goodreads.com/book/show/156538.North_and_South,https://i.gr-assets.com/images/S/compressed.photo.goodreads.com/books/1699604581i/156538._SY75_.jpg,4,North and South,List_3
Barbara Kingsolver,https://www.goodreads.com/author/show/3541.Barbara_Kingsolver,4.05,https://www.goodreads.com/book/show/14249.Prodigal_Summer,https://i.gr-assets.com/images/S/compressed.photo.goodreads.com/books/1426308771i/14249._SY75_.jpg,4,Prodigal Summer,List_3
Kristin Cashore,https://www.goodreads.com/author/show/1373880.Kristin_Cashore,4.06,https://www.goodreads.com/book/show/3236307-graceling,https://i.gr-assets.com/images/S/compressed.photo.goodreads.com/books/1331548394i/3236307._SY75_.jpg,4,"Graceling (Graceling Realm, #1)",List_3
Avi,https://www.goodreads.com/author/show/10105.Avi,3.86,https://www.goodreads.com/book/show/310146.The_True_Confessions_of_Charlotte_Doyle,https://i.gr-assets.com/images/S/compressed.photo.goodreads.com/books/1348243806i/310146._SY75_.jpg,3,The True Confessions of Charlotte Doyle,List_3
Laura Ingalls Wilder,https://www.goodreads.com/author/show/5300.Laura_Ingalls_Wilder,4.36,https://www.goodreads.com/book/show/114345.The_Little_House_Collection,https://i.gr-assets.com/images/S/compressed.photo.goodreads.com/books/1577932823i/114345._SX50_.jpg,4,"The Little House Collection (Little House, #1-9)",List_3
Barbara Kingsolver,https://www.goodreads.com/author/show/3541.Barbara_Kingsolver,4.02,https://www.goodreads.com/book/show/30868.The_Bean_Trees,https://i.gr-assets.com/images/S/compressed.photo.goodreads.com/books/1443483961i/30868._SY75_.jpg,4,"The Bean Trees (Greer Family, #1)",List_3
Carson McCullers,https://www.goodreads.com/author/show/3506.Carson_McCullers,3.99,https://www.goodreads.com/book/show/37380.The_Heart_Is_a_Lonely_Hunter,https://i.gr-assets.com/images/S/compressed.photo.goodreads.com/books/1385265834i/37380._SY75_.jpg,3,The Heart Is a Lonely Hunter,List_3
Kate Chopin,https://www.goodreads.com/author/show/5132.Kate_Chopin,4.06,https://www.goodreads.com/book/show/2267195.The_Story_of_an_Hour,https://i.gr-assets.com/images/S/compressed.photo.goodreads.com/books/1348249668i/2267195._SY75_.jpg,4,The Story of an Hour,List_3
Erica Jong,https://www.goodreads.com/author/show/6085.Erica_Jong,3.48,https://www.goodreads.com/book/show/9654.Fear_of_Flying,https://i.gr-assets.com/images/S/compressed.photo.goodreads.com/books/1388190180i/9654._SY75_.jpg,3,Fear of Flying,List_3
Jean M. Auel,https://www.goodreads.com/author/show/861.Jean_M_Auel,4.33,https://www.goodreads.com/book/show/74341.The_Clan_of_the_Cave_Bear_the_Valley_of_Horses_the_Mammoth_Hunters_the_Plains_of_Passage,https://i.gr-assets.com/images/S/compressed.photo.goodreads.com/books/1235059058i/74341._SY75_.jpg,4,"The Clan of the Cave Bear, the Valley of Horses, the Mammoth Hunters, the Plains of Passage (Earth's Children, #1-4)",List_3
Sarah Waters,https://www.goodreads.com/author/show/25334.Sarah_Waters,4.02,https://www.goodreads.com/book/show/45162.Fingersmith,https://i.gr-assets.com/images/S/compressed.photo.goodreads.com/books/1327879025i/45162._SY75_.jpg,4,Fingersmith,List_3
Willa Cather,https://www.goodreads.com/author/show/881203.Willa_Cather,3.85,https://www.goodreads.com/book/show/17150.My_ntonia,https://i.gr-assets.com/images/S/compressed.photo.goodreads.com/books/1389151307i/17150._SY75_.jpg,3,My Ántonia,List_3
Dorothy Allison,https://www.goodreads.com/author/show/5599.Dorothy_Allison,4.15,https://www.goodreads.com/book/show/25354.Bastard_Out_of_Carolina,https://i.gr-assets.com/images/S/compressed.photo.goodreads.com/books/1424648725i/25354._SX50_.jpg,4,Bastard Out of Carolina,List_3
Margaret Atwood,https://www.goodreads.com/author/show/3472.Margaret_Atwood,3.83,https://www.goodreads.com/book/show/17650.The_Robber_Bride,https://i.gr-assets.com/images/S/compressed.photo.goodreads.com/books/1388263287i/17650._SY75_.jpg,3,The Robber Bride,List_3
Charles Frazier,https://www.goodreads.com/author/show/7130.Charles_Frazier,3.89,https://www.goodreads.com/book/show/10920.Cold_Mountain,https://i.gr-assets.com/images/S/compressed.photo.goodreads.com/books/1442416348i/10920._SY75_.jpg,3,Cold Mountain,List_3
Ann Brashares,https://www.goodreads.com/author/show/3681.Ann_Brashares,3.85,https://www.goodreads.com/book/show/452306.The_Sisterhood_of_the_Traveling_Pants,https://i.gr-assets.com/images/S/compressed.photo.goodreads.com/books/1461611233i/452306._SY75_.jpg,3,"The Sisterhood of the Traveling Pants (Sisterhood, #1)",List_3
Chimamanda Ngozi Adichie,https://www.goodreads.com/author/show/19992417.Chimamanda_Ngozi_Adichie,4.18,https://www.goodreads.com/book/show/126381.Purple_Hibiscus,https://i.gr-assets.com/images/S/compressed.photo.goodreads.com/books/1740964781i/126381._SY75_.jpg,4,Purple Hibiscus,List_3
Toni Morrison,https://www.goodreads.com/author/show/3534.Toni_Morrison,3.87,https://www.goodreads.com/book/show/5198.Paradise,https://i.gr-assets.com/images/S/compressed.photo.goodreads.com/books/1558921210i/5198._SX50_.jpg,3,"Paradise (Beloved Trilogy, #3)",List_3
Alison Bechdel,https://www.goodreads.com/author/show/54223321.Alison_Bechdel,4.45,https://www.goodreads.com/book/show/3189884-the-essential-dykes-to-watch-out-for,https://i.gr-assets.com/images/S/compressed.photo.goodreads.com/books/1348922728i/3189884._SX50_.jpg,4,The Essential Dykes To Watch Out For,List_3
Nnedi Okorafor,https://www.goodreads.com/author/show/588356.Nnedi_Okorafor,3.93,https://www.goodreads.com/book/show/7767021-who-fears-death,https://i.gr-assets.com/images/S/compressed.photo.goodreads.com/books/1348469489i/7767021._SX50_.jpg,3,Who Fears Death,List_3
Richard Yates,https://www.goodreads.com/author/show/27069.Richard_Yates,3.94,https://www.goodreads.com/book/show/48328.Revolutionary_Road,https://i.gr-assets.com/images/S/compressed.photo.goodreads.com/books/1759183553i/48328._SY75_.jpg,3,Revolutionary Road,List_3
Marlo Thomas,https://www.goodreads.com/author/show/54063.Marlo_Thomas,4.43,https://www.goodreads.com/book/show/887089.Free_to_Be_You_and_Me,https://i.gr-assets.com/images/S/compressed.photo.goodreads.com/books/1347851779i/887089._SX50_.jpg,4,Free to Be...You and Me,List_3
Octavia E. Butler,https://www.goodreads.com/author/show/29535.Octavia_E_Butler,4.37,https://www.goodreads.com/book/show/60926.Lilith_s_Brood,https://i.gr-assets.com/images/S/compressed.photo.goodreads.com/books/1776526765i/60926._SY75_.jpg,4,"Lilith's Brood (Xenogenesis, #1-3)",List_3
Octavia E. Butler,https://www.goodreads.com/author/show/29535.Octavia_E_Butler,3.78,https://www.goodreads.com/book/show/60925.Fledgling,https://i.gr-assets.com/images/S/compressed.photo.goodreads.com/books/1441479816i/60925._SY75_.jpg,3,Fledgling,List_3
Scott O'Dell,https://www.goodreads.com/author/show/4999.Scott_O_Dell,3.88,https://www.goodreads.com/book/show/41044096-island-of-the-blue-dolphins,https://i.gr-assets.com/images/S/compressed.photo.goodreads.com/books/1533405446i/41044096._SX50_.jpg,3,Island of the Blue Dolphins,List_3
D.H. Lawrence,https://www.goodreads.com/author/show/17623.D_H_Lawrence,3.5,https://www.goodreads.com/book/show/32049.Lady_Chatterley_s_Lover,https://i.gr-assets.com/images/S/compressed.photo.goodreads.com/books/1215571713i/32049._SY75_.jpg,3,Lady Chatterley’s Lover,List_3
Chimamanda Ngozi Adichie,https://www.goodreads.com/author/show/19992417.Chimamanda_Ngozi_Adichie,4.34,https://www.goodreads.com/book/show/18749.Half_of_a_Yellow_Sun,https://i.gr-assets.com/images/S/compressed.photo.goodreads.com/books/1327934717i/18749._SX50_.jpg,4,Half of a Yellow Sun,List_3
Nawal El Saadawi,https://www.goodreads.com/author/show/68481.Nawal_El_Saadawi,4.24,https://www.goodreads.com/book/show/159604.Woman_at_Point_Zero,https://i.gr-assets.com/images/S/compressed.photo.goodreads.com/books/1708115563i/159604._SY75_.jpg,4,Woman at Point Zero,List_3
Juliet Marillier,https://www.goodreads.com/author/show/8649.Juliet_Marillier,4.29,https://www.goodreads.com/book/show/13928.Daughter_of_the_Forest,https://i.gr-assets.com/images/S/compressed.photo.goodreads.com/books/1343589988i/13928._SY75_.jpg,4,"Daughter of the Forest  (Sevenwaters, #1)",List_3
Terry Pratchett,https://www.goodreads.com/author/show/1654.Terry_Pratchett,4.07,https://www.goodreads.com/book/show/833422.Equal_Rites,https://i.gr-assets.com/images/S/compressed.photo.goodreads.com/books/1659765571i/833422._SY75_.jpg,4,"Equal Rites (Discworld, #3; Witches, #1)",List_3
Ana Castillo,https://www.goodreads.com/author/show/27600.Ana_Castillo,3.88,https://www.goodreads.com/book/show/312435.So_Far_from_God,https://i.gr-assets.com/images/S/compressed.photo.goodreads.com/books/1365396350i/312435._SX50_.jpg,3,So Far from God,List_3
Billie Letts,https://www.goodreads.com/author/show/3510.Billie_Letts,4.04,https://www.goodreads.com/book/show/5168.Where_the_Heart_Is,https://i.gr-assets.com/images/S/compressed.photo.goodreads.com/books/1327959469i/5168._SY75_.jpg,4,Where the Heart Is,List_3
Elfriede Jelinek,https://www.goodreads.com/author/show/128607.Elfriede_Jelinek,3.62,https://www.goodreads.com/book/show/219879.The_Piano_Teacher,https://i.gr-assets.com/images/S/compressed.photo.goodreads.com/books/1328823912i/219879._SY75_.jpg,3,The Piano Teacher,List_3
Jane Smiley,https://www.goodreads.com/author/show/1339.Jane_Smiley,3.83,https://www.goodreads.com/book/show/41193.A_Thousand_Acres,https://i.gr-assets.com/images/S/compressed.photo.goodreads.com/books/1388197504i/41193._SY75_.jpg,3,A Thousand Acres,List_3
Joanne Harris,https://www.goodreads.com/author/show/9432.Joanne_Harris,3.96,https://www.goodreads.com/book/show/47401.Chocolat,https://i.gr-assets.com/images/S/compressed.photo.goodreads.com/books/1388674628i/47401._SY75_.jpg,3,"Chocolat (Chocolat, #1)",List_3
Libba Bray,https://www.goodreads.com/author/show/2526.Libba_Bray,3.62,https://www.goodreads.com/book/show/9464733-beauty-queens,https://i.gr-assets.com/images/S/compressed.photo.goodreads.com/books/1289410187i/9464733._SY75_.jpg,3,Beauty Queens,List_3
Tracy Chevalier,https://www.goodreads.com/author/show/1973.Tracy_Chevalier,3.9,https://www.goodreads.com/book/show/6457081-remarkable-creatures,https://i.gr-assets.com/images/S/compressed.photo.goodreads.com/books/1327161912i/6457081._SY75_.jpg,3,Remarkable Creatures,List_3
Kristin Cashore,https://www.goodreads.com/author/show/1373880.Kristin_Cashore,4.09,https://www.goodreads.com/book/show/6137154-fire,https://i.gr-assets.com/images/S/compressed.photo.goodreads.com/books/1331535456i/6137154._SY75_.jpg,4,"Fire (Graceling Realm, #2)",List_3
Sarai Walker,https://www.goodreads.com/author/show/8393981.Sarai_Walker,3.56,https://www.goodreads.com/book/show/22749796-dietland,https://i.gr-assets.com/images/S/compressed.photo.goodreads.com/books/1429097346i/22749796._SY75_.jpg,3,Dietland,List_3
Terry Pratchett,https://www.goodreads.com/author/show/1654.Terry_Pratchett,4.3,https://www.goodreads.com/book/show/164954.The_Wee_Free_Men,https://i.gr-assets.com/images/S/compressed.photo.goodreads.com/books/1255846319i/164954._SX50_.jpg,4,"The Wee Free Men (Discworld, #30)",List_3
E. Lockhart,https://www.goodreads.com/author/show/173491.E_Lockhart,3.8,https://www.goodreads.com/book/show/1629601.The_Disreputable_History_of_Frankie_Landau_Banks,https://i.gr-assets.com/images/S/compressed.photo.goodreads.com/books/1313980820i/1629601._SY75_.jpg,3,The Disreputable History of Frankie Landau-Banks,List_3
Mary Ann Shaffer,https://www.goodreads.com/author/show/1194527.Mary_Ann_Shaffer,4.19,https://www.goodreads.com/book/show/2728527-the-guernsey-literary-and-potato-peel-pie-society,https://i.gr-assets.com/images/S/compressed.photo.goodreads.com/books/1351979318i/2728527._SY75_.jpg,4,The Guernsey Literary and Potato Peel Pie Society,List_3
Margaret Atwood,https://www.goodreads.com/author/show/3472.Margaret_Atwood,3.68,https://www.goodreads.com/book/show/47122.Lady_Oracle,https://i.gr-assets.com/images/S/compressed.photo.goodreads.com/books/1388432970i/47122._SY75_.jpg,3,Lady Oracle,List_3
Barbara Kingsolver,https://www.goodreads.com/author/show/3541.Barbara_Kingsolver,4.02,https://www.goodreads.com/book/show/14250.Pigs_in_Heaven,https://i.gr-assets.com/images/S/compressed.photo.goodreads.com/books/1347616121i/14250._SY75_.jpg,4,"Pigs in Heaven (Greer Family, #2)",List_3
Ursula K. Le Guin,https://www.goodreads.com/author/show/874602.Ursula_K_Le_Guin,3.99,https://www.goodreads.com/book/show/59921.The_Telling,https://i.gr-assets.com/images/S/compressed.photo.goodreads.com/books/1309203290i/59921._SY75_.jpg,3,The Telling,List_3
Marion Zimmer Bradley,https://www.goodreads.com/author/show/4841825.Marion_Zimmer_Bradley,4.07,https://www.goodreads.com/book/show/84544.The_Firebrand,https://i.gr-assets.com/images/S/compressed.photo.goodreads.com/books/1309203171i/84544._SY75_.jpg,4,The Firebrand,List_3
Jeanette Winterson,https://www.goodreads.com/author/show/9399.Jeanette_Winterson,4.11,https://www.goodreads.com/book/show/15047.The_Passion,https://i.gr-assets.com/images/S/compressed.photo.goodreads.com/books/1388187737i/15047._SY75_.jpg,4,The Passion,List_3
