word,count
studies,14204
gender,14172
feminism,5555
media,5299
history,4948
gender feminism,4911
politics,4826
historical,4531
education,3734
society,2960
social,2918
health,2658
feminism media,2526
culture,2506
cultural,2408
representation,2392
feminism studies,2383
historical gender,2383
identity,2302
politics representation,2288
gender politics,2288
political,2198
literature,2157
american,2145
ethics,2019
development,1970
analysis,1832
dynamics,1781
philosophy,1483
theory,1300
issues,1284
research,1255
history culture,1130
family,1120
religion,1120
diversity,1088
asian,1081
rights,1070
policy,1060
sexuality,1033
race,1022
labor,1022
law,1004
communication,1000
media studies,974
studies gender,949
identity studies,946
societal,926
security,909
gender roles,906
roles,906
roles identity,906
media gender,887
inequality,874
human,869
economy,861
work,832
technology,826
gender diversity,820
diversity inequality,820
migration,795
historical studies,778
african,772
movements,771
latin,752
islamic,750
practices,749
conflict,749
digital,739
gender studies,729
criticism,721
history american,708
feminist,683
race history,672
contemporary,672
american society,672
behavior,671
gender security,668
security conflict,668
lgbtq,665
middle,661
cinema,655
feminism gender,646
global,634
literary,631
critical,630
gender health,621
marxism,617
reproduction,617
studies history,612
political economy,608
changes,607
health societal,606
societal changes,606
studies reproduction,606
language,606
reproduction gender,606
economy marxism,603
gender sexuality,600
family dynamics,599
legal,598
advertising,590
islamic studies,588
gender advertising,586
south,579
methods,577
interactions,566
cultural studies,553
religion society,546
environmental,546
sexuality studies,524
jewish,523
philosophy ethics,516
art,515
economic,511
latin american,501
psychology,501
practice,500
management,493
movements unions,479
labor movements,479
unions,479
women,476
eastern,475
sex,463
studies historical,463
impacts,462
women rights,451
gender women,451
sports,450
research methods,447
constitutional,443
sexual,439
french,438
social media,437
behavior technology,433
sexuality behavior,433
reproductive,432
european,425
music,422
south asian,416
health identity,412
lgbtq health,412
identity policy,412
media politics,411
performance,411
systems,408
middle eastern,407
jewish middle,407
eastern studies,407
politics society,405
power,405
culture studies,405
british,401
power ethics,401
foucault,401
foucault power,401
themes,400
related,395
urban,393
political philosophy,392
child,388
historical cultural,388
science,386
related issues,382
work related,382
youth,382
latino studies,382
latino,382
sex work,382
american latino,382
challenges,381
animal,379
impact,377
cinema media,373
educational,370
law politics,368
reproductive health,368
constitutional law,368
american constitutional,368
literature criticism,368
culture media,353
gender labor,346
labor family,346
governance,341
violence,341
human animal,340
epistemology,334
asian culture,332
reform,332
policy reform,330
social policy,330
reform studies,330
literature analysis,327
french historical,326
academic,322
animal interactions,319
geographies human,319
international,319
modernism,319
geographies,319
sustainability,318
political dynamics,317
african history,316
music history,315
applications,314
societal dynamics,313
education societal,313
youth education,313
perspectives,311
finance,310
asian studies,310
sports gender,307
history society,307
gender society,307
qualitative,305
social issues,305
epistemology gender,303
feminist epistemology,303
politics modernism,302
art politics,302
history politics,300
literary studies,299
enlightenment,293
literature culture,291
games,290
socio,289
reforms,286
tourism,285
religious,284
representation gender,280
society development,279
games media,279
digital games,278
identity history,277
qualitative research,277
irish,277
british studies,277
canadian,277
irish british,277
technologies,276
canadian identity,276
healthcare,276
postcolonial,275
policies,274
pedagogy,274
communication studies,272
diverse,272
sport,272
studies communication,271
religion gender,269
gender enlightenment,269
cinema culture,268
education practice,268
asian cinema,268
contemporary political,267
historical contemporary,267
law society,263
society culture,263
methods ethics,258
medical,258
literature history,257
race theory,257
theory education,257
multiculturalism,257
critical race,257
cultural literary,256
east,255
innovations,254
middle east,254
african sexualities,253
sexualities lgbtq,253
sexualities,253
lgbtq issues,253
media media,252
latin america,251
america,251
relationships,250
textiles,248
cultural textiles,248
fashion cultural,248
fashion,248
postcolonial cultural,248
sport mega,246
event,246
mega,246
event impacts,246
mega event,246
posthumanist ethics,245
posthumanist,245
ethics activism,245
activism,245
history philosophy,245
social studies,245
sociology,243
insights,241
human rights,241
health technologies,241
contemporary literature,240
discourse,238
communism,237
rural,237
political economic,237
economic history,235
uk,235
history uk,235
representation historical,235
design,233
welfare,232
society interactions,231
ecology,229
european history,229
socioeconomic,225
hermeneutics,225
theory gender,224
feminist theory,223
fiction,222
critical theory,221
family balance,218
mental,218
balance challenges,218
work family,218
balance,218
indigenous,217
leadership,216
rural development,215
mental health,213
employment,211
justice,211
literature studies,210
change,209
climate,209
themes analysis,207
marriage,207
use,207
history themes,207
climate change,206
urban development,206
anarchism,205
techniques,205
radical,205
radical politics,205
anarchism radical,205
visual,201
sciences,200
industries,200
interdisciplinary,199
cultural industries,199
industries urban,199
innovative,198
performance studies,198
studies language,198
conflicts,195
learning,194
beauvoir sartre,194
simone beauvoir,194
beauvoir,194
simone,194
sartre,194
theatre,190
theatre performance,190
sociopolitical,189
early,189
analysis criticism,189
integration,188
war,185
themes literature,184
australian,184
refugees,182
japanese history,180
japanese,180
inequality gender,180
academic historical,179
perspectives psychology,179
historical perspectives,179
language studies,178
italian,178
discourse analysis,177
adaptation,176
social movements,176
refugees integration,176
migration refugees,176
australian history,175
legal studies,175
partner family,174
protests social,174
education studies,174
theory philosophy,174
protests,174
intimate partner,174
intimate,174
communism protests,174
family violence,174
partner,174
post,173
organizational,173
german,172
media analysis,170
socioeconomic development,169
rhetoric,169
rhetoric communication,169
poetry,168
studies insights,168
anthropological studies,168
anthropological,168
italian fascism,167
fascism post,167
fascism,167
post war,167
war society,167
spanish,167
diaspora,166
turkey politics,164
turkey,164
politics migration,163
psychotherapy,163
narrative,162
medicine,161
studies political,161
dynamics gender,161
care,160
crime,160
judicial,160
criminal,159
multiculturalism politics,158
migration gender,158
public,158
marriage sexual,157
gender feminist,157
feminist studies,157
philosophical,157
sexual relationships,157
psychotherapy techniques,156
techniques applications,156
islamic finance,156
criminal justice,154
poetry analysis,154
literary theory,153
cultural hermeneutics,153
theory cultural,153
environmental literature,152
ecocriticism,152
training,152
teacher,152
ecocriticism environmental,152
tourism volunteerism,151
volunteerism development,151
volunteerism,151
diversity impact,151
higher education,150
participation,150
impact dance,150
dance,150
higher,150
trauma,149
society latin,148
caribbean,148
disorders,148
education development,148
agriculture,148
religious studies,147
analysis language,147
social sciences,146
indian,146
influence,146
disability,145
corrections,144
corrections analysis,144
justice corrections,144
victimization,143
studies media,143
american literature,142
dystopian,141
dystopian speculative,141
speculative fiction,141
speculative,141
utopian dystopian,141
utopian,141
housing,141
social cultural,141
education leadership,140
social dynamics,140
modern,139
society gender,139
organizational studies,138
ethnicity economy,138
sociological theory,138
management organizational,138
sociological,138
ethnicity,138
chinese,138
society sport,138
migration ethnicity,138
visual research,137
literary criticism,137
economic social,137
participatory visual,137
participatory,137
shakespeare adaptation,137
theory practice,137
shakespeare,137
influences,137
chinese history,137
adaptation literary,137
political social,137
interventions,136
leadership studies,136
finance neoliberalism,136
teacher education,136
housing finance,136
neoliberalism,136
multicultural,135
multicultural socio,135
interaction,135
socio legal,135
mythology literature,134
mythology,134
pacific,134
folklore mythology,134
folklore,134
sexual assault,133
therapy,133
victimization studies,133
work education,133
social work,133
assault victimization,133
assault,133
thought,133
literature media,132
aging,131
gothic,131
gothic literature,131
health education,129
business,128
interdisciplinary research,128
environmental philosophy,128
cultural social,127
finance communication,127
biomedical,127
media social,127
maternal,126
contemporary sociological,126
abuse,126
teaching,125
culture politics,125
cultural dynamics,124
changes historical,124
homelessness,124
detection,124
homelessness social,124
histories,124
obesity,123
conflict gender,123
translation,121
cultural analysis,121
studies practices,121
translation studies,121
child welfare,120
textile,120
religion ecology,120
crafts,120
textile design,120
theology,120
ecology ethics,120
crafts textile,120
education sociology,120
ethics existentialism,119
politics gender,119
existentialism,119
studies feminism,118
interpretation,117
wing movements,116
populism right,116
right wing,116
right,116
populism,116
wing,116
caribbean history,116
studies social,115
early modern,115
east politics,115
society historical,115
theological,114
hannah arendt,114
arendt political,114
arendt,114
speech,114
hannah,114
innovation,114
health practices,113
hate speech,113
education rights,113
speech cyberbullying,113
obesity health,113
indigenous health,113
cyberbullying,113
hate,113
cyberbullying detection,113
american british,112
british literature,112
political theory,111
technology gender,111
welfare studies,111
career,110
cultural identity,110
ethics social,109
human technology,109
innovative human,109
technology interaction,109
studies socio,108
spiritual practices,108
employment welfare,108
socio cultural,108
spiritual,108
studies spiritual,108
afghanistan pakistan,107
adolescent,107
conflicts afghanistan,107
politics conflicts,107
pakistan middle,107
afghanistan,107
advertising gender,107
land,107
studies latin,107
pakistan,107
community,106
legal issues,106
consumer,106
mena,105
education pedagogy,105
media sexuality,105
development mena,105
ai,105
perspectives practices,105
theological perspectives,105
data,104
studies african,104
indian history,103
transformation,103
asian american,102
pacific histories,102
american pacific,102
development sustainability,102
studies diaspora,102
global education,101
perception,101
topics,101
emotional,101
strategies,100
psychoanalysis,100
memory,100
physical,100
counseling,99
education multiculturalism,99
rights development,98
social intergroup,98
cultural history,98
intergroup psychology,98
intergroup,98
poverty,97
modernist literature,97
modernist,97
education islamic,97
economy work,96
studies influences,96
linguistics,96
digital economy,96
entrepreneurship,96
philippine history,96
philippine,96
entrepreneurship studies,96
work transformation,95
formation,95
land use,95
identity formation,95
history identity,95
studies interdisciplinary,95
policy gender,95
global literature,94
stories,94
processes,94
biblical studies,94
stories global,94
biblical,94
studies race,94
information,94
studies interpretation,94
short stories,94
science education,94
short,94
issues gender,93
dynamics relationships,93
conflict historical,93
child abuse,93
architecture,92
academic development,92
south african,92
mentoring,92
collaboration,92
mentoring academic,92
christianity,92
digital communication,91
training historical,91
legal education,91
social impacts,91
impacts ai,91
trends,91
practice innovations,91
relations,90
global educational,90
adult,89
continuing education,89
adult continuing,89
continuing,89
education topics,89
literacy,89
american political,88
representation social,88
educator training,88
historical pedagogy,88
water,88
educator,88
physical education,87
vietnamese,87
writing,87
education child,87
vietnamese history,87
hiv,87
public health,86
policies reforms,86
spanish literature,86
educational policies,86
agriculture land,85
children rights,85
children,85
legal systems,85
rights participation,85
use rural,85
counterterrorism,84
systems judicial,84
counterterrorism political,84
christian,84
terrorism,84
philosophical studies,84
biomedical innovations,84
terrorism counterterrorism,84
human enhancement,84
neuroethics,84
political violence,84
american history,84
neuroethics human,84
enhancement,84
enhancement biomedical,84
medical practice,84
judicial processes,84
intersectionality,82
regional,82
conservation,82
education research,82
gender intersectionality,82
history historical,82
history science,82
graphic,81
evolutionary,81
poverty education,81
studies european,81
implementation,81
studies american,81
comics graphic,80
comics,80
disability rights,80
graphic narratives,80
demographic,80
narratives,80
history gender,80
rights representation,80
ethics medical,80
migration labor,79
liberation,79
studies cultural,79
globalization,79
liberation pedagogy,79
trade,79
music education,79
critical liberation,79
labor dynamics,79
inclusion,78
childhood,77
gender healthcare,77
studies french,77
sex gender,77
trends gender,77
diaspora migration,77
archaeology,77
psychiatry,77
education systems,76
sexuality education,76
politics historical,76
philosophy politics,76
preferences,76
gender preferences,76
demographic trends,76
psychoanalysis philosophy,76
media education,76
jewish identity,75
issues south,75
development social,75
christian theology,75
cultural philosophical,74
language discourse,74
transnational identity,74
globalization cultural,74
transnational,74
migration transnational,74
nursing,74
childhood education,74
studies critical,74
african cultural,74
early childhood,74
theology mission,73
migration health,73
social impact,73
mission,73
research studies,72
rights islamic,72
hermeneutics narrative,72
outcomes,72
behaviors,72
information systems,72
african studies,72
narrative identity,72
development diversity,71
south africa,71
systems policy,71
patient,71
africa,71
historical economic,71
studies islamic,70
society american,70
food,70
legal social,70
disorders behaviors,69
american environmental,69
environmental regional,69
eating disorders,69
peace,69
media historical,69
interdisciplinary cultural,69
artistic,69
constitutional studies,69
regional history,69
eating,69
financial,68
sociology communication,68
development gender,68
eastern european,68
elder,68
studies radicalism,68
corporate,68
radicalism,68
cuban,67
human behavior,67
health trauma,67
linguistic,67
development digital,67
french literature,67
challenges gender,67
identity society,67
consumer behavior,67
caregiving,67
cuban history,67
education schools,66
studies feminist,66
intergenerational,66
diverse music,66
support,66
studies religion,66
religious education,66
education insights,66
politics religion,66
schools,66
involvement,65
culture gender,65
career development,65
studies education,65
adolescent sexual,65
sexual reproductive,65
judicial constitutional,65
genetics,65
studies sociopolitical,65
history literature,65
medieval,64
theater,64
peacebuilding international,64
peacebuilding,64
media youth,64
colonialism,64
international security,64
education policy,64
journalism,64
multilingual education,64
multilingual,64
technology adolescents,63
sociopolitical issues,63
history education,63
family business,63
communism reforms,63
business performance,63
succession,63
sociopolitical studies,63
adolescents,63
performance succession,63
european communism,63
impact technology,63
social development,63
philosophy education,62
risk,62
art education,62
engagement,62
studies asian,62
sociopolitical dynamics,62
resource,62
ethnic,62
dynamics caregiving,62
intergenerational family,62
literacy media,62
planning,62
psychology human,61
media digital,61
performance music,61
ethics gender,61
evolutionary psychology,61
pragmatism,61
pragmatism philosophy,61
reformation early,61
reformation,61
modern christianity,61
body,61
health interventions,60
international law,60
moral,60
freedom,60
genetics society,60
education critical,60
communication gender,60
race genetics,60
perceptions,59
wildlife,59
educational methods,59
politics media,59
representation political,59
communication strategies,59
indigenous studies,59
discourse communication,59
theater performance,58
systems political,58
humor studies,58
humor,58
consumption,58
political participation,58
studies art,58
studies jewish,58
genital,58
abuse trauma,58
law human,58
theories,58
theory influence,58
electoral,58
electoral systems,58
media cinema,57
culture identity,57
library,57
health development,57
care social,57
russian,57
studies middle,57
analyses,57
spanish culture,57
issues african,56
geography,56
culture tourism,56
studies conflicts,56
aging elder,56
freedoms,56
law rights,56
elder care,56
consumption identification,56
brand,56
historical education,56
discrimination,56
cognition,56
behavior brand,56
identification,56
sustainability climate,56
culinary culture,56
studies ecology,56
linguistics language,56
culinary,56
brand consumption,56
studies worldwide,56
worldwide,56
rights freedoms,56
community health,55
mormonism religion,55
mormonism,55
national,55
studies literature,55
vocational,55
contraception,55
financial inclusion,55
classical,55
life,55
religion history,55
health contraception,55
southeast,55
impacts sports,55
southeast asian,55
microfinance financial,55
microfinance,55
image,54
cultural media,54
studies lgbtq,54
analysis historical,54
russia,54
issues health,54
sustainability social,54
global trade,53
regulation,53
medicine society,53
identity aging,53
control,53
health medicine,53
marketing,53
fiction studies,52
studies contemporary,52
sociology education,52
vocational training,52
detective,52
sociology vocational,52
detective fiction,52
treatment,52
asian sociopolitical,52
resource management,52
analysis gender,52
trade sustainability,52
social educational,52
crime detective,52
global maternal,51
biographical,51
design social,51
gerontology research,51
educational sciences,51
supervision,51
medical education,51
gerontology,51
representation labor,51
drug,51
child health,51
practices supervision,51
digital media,51
counseling practices,51
maternal child,51
social history,51
architecture design,51
systems theories,51
aging gerontology,51
studies applications,51
theories implementation,51
representation feminism,51
culture legal,50
studies law,50
dysmorphia studies,50
governance infrastructure,50
body image,50
social control,50
deviance,50
dysmorphia,50
crime deviance,50
deviance social,50
water governance,50
change governance,50
infrastructure,50
marriage family,50
image dysmorphia,50
urban planning,50
theory analysis,50
narrative theory,50
nursing education,49
colonial,49
disparities,49
spirituality,49
health disparities,49
ethics feminism,49
dynamics russia,49
therapy family,49
racial,48
counseling therapy,48
racial ethnic,48
geoengineering,48
world,48
social economic,48
change geoengineering,48
urban social,48
ethnic identity,48
musicology,48
unions gender,48
identity research,48
space,48
reproductive law,47
rights reproductive,47
change communication,47
sexual risk,47
studies labor,47
hiv drug,47
film,47
use sexual,47
innovation challenges,47
creative,47
cutting,47
cutting issues,47
healthcare innovation,47
research collaboration,47
international human,47
medical history,47
thinking development,47
social political,47
drug use,47
female genital,47
female,47
teaching learning,47
mutilation cutting,47
critical thinking,47
thinking,47
genital mutilation,47
mutilation,47
communication perception,47
philosophy history,46
planning governance,46
diverse cultural,46
patient involvement,46
sciences policies,46
service,46
medieval literature,46
child development,46
creative research,46
health patient,46
military,46
artistic creative,46
studies legal,46
spirituality psychology,46
polish,46
humanities,46
religion spirituality,46
media sex,46
studies foucault,45
psychiatry medical,45
wildlife conservation,45
musical analysis,45
perinatal health,45
political conflict,45
musicology musical,45
theory gramsci,45
musical,45
perinatal,45
19,45
french urban,45
covid,45
criminology analyses,45
criminology,45
maternal perinatal,45
gramsci,45
international labor,45
historical psychiatry,45
covid 19,45
career medicine,45
german history,45
administration,45
labor employment,45
education collaboration,45
medical practices,45
conflict governance,45
diversity career,45
employment law,45
conservation criminology,45
gender social,44
university,44
university challenges,44
crime patterns,44
philosophy science,44
heritage,44
food security,44
patterns,44
education sustainability,44
patterns interventions,44
visual culture,44
realism,44
interactions religion,44
german literature,44
catholicism,44
challenges reforms,44
media asian,44
international relations,43
peace security,43
film journalism,43
comparative,43
archiving,43
data analysis,43
national identity,43
global peace,43
adoption,43
analysis archiving,43
literature film,43
analysis american,43
journalism analysis,43
representation foucault,43
security dynamics,43
economic theory,43
communication education,42
autobiographical biographical,42
autobiographical,42
economic development,42
environmental education,42
political studies,42
biographical writing,42
history analysis,41
communication language,41
culture south,41
society jewish,41
intelligence,41
history memory,41
political history,41
studies reforms,41
digital marketing,41
studies communism,41
european political,41
studies simone,41
north,40
grief,40
adventure,40
ethics political,40
bereavement mental,40
north african,40
studies global,40
studies work,40
memory narrative,40
ethics regulation,40
biomedical ethics,40
oral,40
oral history,40
ethics religion,40
grief bereavement,40
development religion,40
narrative analysis,40
history jewish,40
security public,40
seeking,40
bereavement,40
media religion,40
global security,40
sensation,40
adventure sports,40
sensation seeking,40
sports sensation,40
writing literature,40
education learning,39
issues sexuality,39
philosophy political,39
education perceptions,39
philosophical ethics,39
ethics theory,39
travel writing,39
catholicism religious,39
travel,39
culture asian,39
rights education,39
historical geography,39
metaphor cognition,39
language metaphor,39
welfare adoption,39
services,39
metaphor,39
educational research,39
youth development,38
epidemiology,38
social support,38
studies youth,38
resilience,38
technology education,38
politics political,38
religion digital,38
gender technology,38
natural,38
brazil,38
misinformation impacts,37
emotional labor,37
misinformation,37
adaptation migration,37
professions,37
phenomenology,37
spaces,37
psychological,37
geographical,37
change adaptation,37
studies sexuality,37
diverse education,37
pregnancy,37
epistemologies,37
privacy,37
market,37
hiv aids,37
labor professions,37
health care,37
aids,37
library science,37
energy,37
colonialism identity,36
studies japanese,36
german colonialism,36
child adolescent,36
identity education,36
development aid,36
policy african,36
clinical,36
practices influences,36
studies south,36
existential philosophy,36
existential,36
digital technology,36
breastfeeding,36
marxism gender,36
empathy,36
empathy medical,36
nutrition,36
institutions,36
education brazil,36
dynamics social,36
methods media,36
breastfeeding practices,36
aid,36
international development,36
phenomenology existential,36
technology social,36
theory institutions,36
wikis education,36
wikis,36
science history,36
media use,36
studies migration,35
cultural heritage,35
studies canadian,35
education gender,35
learning practices,35
homicide,35
homicide infanticide,35
studies german,35
socio political,35
health diverse,35
violence gender,35
media influence,35
evolution,35
media music,35
innovation socioeconomic,35
function,35
infanticide child,35
infanticide,35
historical literary,35
soviet,35
moral emotional,34
practices religion,34
values,34
analysis cultural,34
scientific,34
judgment,34
emotional judgment,34
china,34
psychology moral,34
academic freedom,33
psychology gender,33
media contemporary,33
geography geographical,33
mining,33
recreation leisure,33
geographical thought,33
wilderness management,33
recreation,33
freedom politics,33
race identity,33
affairs,33
advertising media,33
wilderness,33
foreign policy,33
relations foreign,33
analysis folklore,33
foreign,33
treatments,33
bioethics,33
learning teaching,33
neuroscience,33
analytics,33
leisure,33
leisure wilderness,33
history research,33
research social,33
philosophy applications,33
german legal,33
economics,32
military history,32
east rwanda,32
wittgensteinian,32
analysis crime,32
media feminism,32
dynamics chile,32
balkans history,32
dynamics migration,32
studies spanish,32
cancer,32
chile latin,32
psychosocial,32
chile,32
wittgensteinian philosophy,32
cultural politics,32
balkans,32
digital education,32
rwanda,32
american cultural,32
social justice,32
rwanda conflicts,32
enlightenment historical,32
language learning,32
caribbean african,32
african literature,32
justice studies,32
education society,32
politics communism,32
studies caribbean,32
service learning,31
education governance,31
ethics metaphysics,31
dynamics political,31
epistemology ethics,31
education practises,31
differences,31
competency health,31
global health,31
protection,31
community engagement,31
healthcare systems,31
studies postcolonial,31
health policies,31
inequality historical,31
cultural competency,31
innovative education,31
practises,31
practises engagement,31
attachment,31
competency,31
governance development,31
marxism historical,31
culture cinema,31
learning community,31
access,31
language analysis,31
metaphysics,31
american socio,31
science extraterrestrial,30
clinical research,30
extraterrestrial,30
polish historical,30
social representations,30
extraterrestrial life,30
representation electoral,30
society islamic,30
approaches,30
representations,30
rights legal,30
ethics law,30
based,30
banking,30
politics digital,30
retirement,30
ethics clinical,30
asia,30
thomas,30
representations identity,30
menstrual,30
menstrual health,30
decision,30
culture art,30
health disorders,30
space science,30
pacific affairs,29
studies cinema,29
aspects,29
technology society,29
efl esl,29
digital humanities,29
cultural archaeology,29
efl,29
archaeology studies,29
innovative teaching,29
rights marriage,29
textiles crafts,29
esl teaching,29
jewish fiction,29
banking studies,29
island,29
island studies,29
finance banking,29
soviet russian,29
research education,29
applications academic,29
marxism critical,29
humanities scholarship,29
science research,29
fiction analysis,29
populations,29
studies pacific,29
science medicine,29
diverse populations,29
studies policies,29
decision making,29
scholarship,29
development asia,29
esl,29
advertising asian,29
ict,29
making,29
american jewish,29
russian history,29
security health,29
social policies,29
torture ethics,28
torture,28
marxism political,28
studies anthropological,28
culture african,28
unions social,28
approaches technology,28
development christian,28
anthropology,28
development historical,28
assessment,28
technology sex,28
history postcolonial,28
relationship,28
relationship dynamics,28
studies fashion,28
studies sex,28
studies early,28
attachment relationship,28
studies diversity,28
studies shakespeare,28
substance,28
differences values,28
dynamics work,28
cultural differences,28
pediatric,28
practices historical,28
innovative approaches,28
text,27
decolonial thought,27
development india,27
thought epistemologies,27
art theory,27
discrimination equality,27
decolonial,27
second,27
second language,27
criticism literature,27
agricultural,27
doping,27
disability employment,27
doping sports,27
colonial history,27
education teacher,27
culture historical,27
uk gender,27
classical philosophy,27
data protection,27
studies digital,27
dynamics historical,27
emotions,27
history turkey,27
equality,27
influences family,27
india,27
policies family,27
history social,27
postcolonial studies,27
practice leadership,27
psychology social,27
gender education,27
relationships gender,27
renaissance,27
evaluation,27
ethics legal,27
retirement disability,27
equality law,27
issues hiv,27
satisfaction,27
policy governance,26
taiwan,26
thomas hardy,26
pediatric healthcare,26
postpartum,26
health pregnancy,26
inequality management,26
critical realism,26
taiwan politics,26
realism sociology,26
hardy,26
ethics history,26
enlightenment american,26
science administration,26
hong,26
studies qualitative,26
studies themes,26
social perspectives,26
hardy literature,26
theory political,26
kong,26
law studies,26
development ethics,26
maternal mental,26
maritime,26
movements gender,26
movements historical,26
american sports,26
literature american,26
geopolitics,26
education management,26
unions political,26
anthropology ethics,26
kong taiwan,26
education race,26
sports literature,26
pregnancy postpartum,26
hong kong,26
health psychiatry,25
culture race,25
history national,25
health policy,25
studies diverse,25
political science,25
practice gender,25
policy implementation,25
colonialism slavery,25
systems challenges,25
impacts gender,25
scottish history,25
media communication,25
livestock,25
analysis literature,25
urban neighborhood,25
neighborhood,25
neighborhood segregation,25
justice health,25
artificial,25
pentecostalism,25
pentecostalism christianity,25
influence health,25
inequality work,25
business education,25
philosophy south,25
philosophy thought,25
child nutrition,25
christianity studies,25
plant,25
scottish,25
implementation science,25
impacts physical,25
development global,25
segregation studies,25
environmental justice,25
segregation,25
slavery,25
ethics critical,25
dynamics international,25
slavery trade,25
enlightenment thought,24
studies discourse,24
criticism gender,24
aesthetics,24
nonprofit,24
volunteering,24
disparities outcomes,24
older adults,24
sector volunteering,24
education digital,24
quality,24
sector,24
rousseau,24
america latin,24
security data,24
nonprofit sector,24
museums cultural,24
privacy security,24
culture american,24
older,24
reforms governance,24
museums,24
socioeconomic reforms,24
historical scientific,24
interactions american,24
sustainable,24
ethics historical,24
adults,24
ethics participatory,24
rousseau enlightenment,24
china socioeconomic,24
natural history,24
development education,24
health social,24
scientific studies,24
ethics business,24
behavioral,24
practices education,23
studies irish,23
perception purchasing,23
studies philosophy,23
text analysis,23
history multiculturalism,23
consumer perception,23
tourism research,23
cooperation,23
classical antiquity,23
antiquity studies,23
changes gender,23
society european,23
antiquity,23
trauma commemoration,23
diverse aspects,23
rights latin,23
use older,23
research interventions,23
integration migration,23
cultural artistic,23
artistic studies,23
rangeland,23
women writers,23
technology use,23
media race,23
disability education,23
writers,23
modern women,23
issues feminism,23
methodologies,23
web,23
commemoration,23
sartre french,23
aspects tourism,23
purchasing behavior,23
philosophy japanese,23
purchasing,23
memory trauma,23
illness,23
ethics environmental,23
motivation,23
culture postcolonial,23
aids research,23
america gender,23
sociocultural,23
culture feminism,23
politics german,23
evolution science,23
processes law,23
artificial intelligence,23
diaspora south,23
architecture modernity,22
sustainability environmental,22
traditional,22
ethics society,22
studies theatre,22
indian economic,22
studies mentoring,22
cognitive,22
colonial histories,22
emotions moral,22
sartre historical,22
education education,22
complex,22
violence rights,22
global maritime,22
focus,22
focus groups,22
moral behavior,22
global capitalism,22
modernity design,22
publishing,22
qualitative methods,22
modernity,22
maritime colonial,22
gender violence,22
disaster,22
development issues,22
media philosophy,22
sociology global,22
rights asian,22
ethics feminist,22
environment,22
disorder,22
politics latin,22
politics race,22
capitalism,22
integration gender,22
postmodernism,22
elite sociology,22
linguistic studies,22
practices gender,22
environmental sustainability,22
groups qualitative,22
groups,22
literature critical,22
elite,22
buddhist,21
buddhist studies,21
bullying,21
diplomacy,21
anic interpretation,21
interaction studies,21
interpretation studies,21
abuse treatment,21
activism gender,21
media journalism,21
mining resource,21
mission religion,21
marketing social,21
management livestock,21
livestock ecology,21
educational innovations,21
unions historical,21
union policy,21
union,21
anic,21
animal interaction,21
treatment outcomes,21
archives,21
traditional archives,21
archives management,21
journalism communication,21
arts,21
issues pediatric,21
education cultural,21
century,21
communication history,21
place,21
qur,21
rangeland management,21
historical art,21
european union,21
global public,21
studies anarchism,21
crisis,21
substance abuse,21
indian buddhist,21
disease,21
qur anic,21
policies epidemiology,21
digital traditional,21
communication media,21
property,21
studies music,20
sciences governance,20
experiential education,20
wars history,20
public relations,20
spain,20
education global,20
evolutionary game,20
wars,20
studies italian,20
history socioeconomic,20
psychosocial emotional,20
studies housing,20
education spain,20
literature impact,20
crisis communication,20
diverse educational,20
linguistics discourse,20
relations crisis,20
studies educator,20
criticism irish,20
identity representation,20
experiential,20
outdoor,20
smes,20
reflective,20
workplace,20
activism geographies,20
development international,20
game theory,20
coaching,20
biodiversity,20
indonesia,20
adolescent psychosocial,20
reflective practices,20
emotional development,20
innovations studies,20
interactions posthumanist,20
marxism labor,20
smes development,20
theory cooperation,20
game,20
modeling,20
society religion,20
outdoor experiential,20
modernism historical,20
world wars,20
studies australian,19
gypsy,19
analysis contemporary,19
digital storytelling,19
methodologies social,19
gypsy studies,19
analysis media,19
media lgbtq,19
environmental impact,19
accounting,19
culture analysis,19
violence religion,19
storytelling education,19
storytelling,19
culture multicultural,19
sports analytics,19
romani gypsy,19
cultures,19
romani,19
public policy,19
development higher,19
analytical psychology,19
web library,19
analytical,19
rights educational,19
sharing,19
politics hate,19
studies literary,19
art culture,19
tourism spaces,19
jungian analytical,19
jungian,19
political influence,19
library services,19
intellectual,19
religious tourism,19
policy feminism,19
policies gender,19
issues lgbtq,19
dynamics latin,19
parental,19
parental involvement,19
indigenous cultures,19
involvement education,19
changes american,19
changes french,19
ethics foucault,19
narratives digital,19
influence corporate,19
musicological,19
society caribbean,19
philosophy philosophy,19
musicological studies,19
analytics performance,19
uk historical,19
teaching methodologies,19
central,19
politics impact,19
labor gender,19
diverse musicological,19
employment labor,19
history marriage,19
corporate strategies,19
dynamics race,19
education achievement,18
radio,18
indigenous place,18
realism garcía,18
achievement giftedness,18
achievement,18
garcía,18
biodiversity resource,18
disorder research,18
based education,18
family support,18
cultural historical,18
studies chinese,18
inequality social,18
ancient,18
literature magical,18
studies academic,18
conservation biodiversity,18
history religion,18
representation populism,18
cybernetics,18
cybernetics technology,18
art technology,18
spaces art,18
advertising consumer,18
participation social,18
garcía márquez,18
indonesian,18
